{"2LR": {"vertex": 780.3682769566437, "mpjpe": 394.046320711177, "mpjae": 8.658624368887402}, "LC": {"vertex": 472.9341257864102, "mpjpe": 63.60166503786942, "mpjae": 4.675143953244385}, "2LR_l1": {"vertex": 767.1047287588676, "mpjpe": 400.60933581284297, "mpjae": 8.395486825394327}, "LC_l1": {"vertex": 534.1774842370477, "mpjpe": 58.90420688954334, "mpjae": 4.8565818310624005}}